timestamp_unix,packet_ts,seq,argmax_idx,argmax_label,face_detected,latency_ms,neutral,happy,sad,angry
1774179919.353,26342.496370381,0,2,sad,1,48.31688100239262,0.19491760432720184,0.004246522206813097,0.7915105223655701,0.009325445629656315
1774179919.452,26342.607556196,1,2,sad,1,36.33185100261471,0.30694031715393066,0.11498205363750458,0.566588282585144,0.011489405296742916
1774179919.551,26342.703865032,2,2,sad,1,39.009928001178196,0.1995389461517334,0.07477308809757233,0.7174782752990723,0.008209740743041039
1774179919.611,26342.769144838,3,2,sad,1,33.82253400195623,0.14745265245437622,0.11512695997953415,0.7256894707679749,0.011730953119695187
1774179919.699,26342.85305283,4,2,sad,1,37.94218600160093,0.09588310122489929,0.07927995175123215,0.8123562335968018,0.012480687350034714
1774179919.816,26342.969773428,5,2,sad,1,37.70298199742683,0.06434361636638641,0.057427745312452316,0.8264038562774658,0.05182478576898575
1774179919.877,26343.034795807,6,2,sad,1,34.247682997374795,0.08572623878717422,0.16247478127479553,0.6308239698410034,0.12097495794296265
1774179919.922,26343.079910741,7,2,sad,1,33.77527500197175,0.06753814220428467,0.12754316627979279,0.7125436067581177,0.09237506240606308
1774179920.015,26343.16746931,8,2,sad,1,39.48407700227108,0.0974608063697815,0.08332055807113647,0.7589313983917236,0.06028713285923004
1774179920.073,26343.230155595,9,2,sad,1,35.01021999909426,0.23075702786445618,0.057318367063999176,0.6721723675727844,0.039752114564180374
1774179920.119,26343.278316421,10,2,sad,1,32.466772998304805,0.36547791957855225,0.05602841079235077,0.5525785088539124,0.025915058329701424
1774179920.163,26343.321925094,11,2,sad,1,32.792014000733616,0.24020038545131683,0.04103267565369606,0.6914252042770386,0.027341671288013458
1774179920.208,26343.367757306,12,2,sad,1,32.00962399932905,0.46315979957580566,0.027886636555194855,0.4911419749259949,0.017811454832553864
1774179920.258,26343.417694411,13,2,sad,1,31.875328000751324,0.4731473922729492,0.023752164095640182,0.49142932891845703,0.011670944280922413
1774179920.307,26343.468091091,14,2,sad,1,30.86512300069444,0.4536551237106323,0.017442043870687485,0.5212446451187134,0.007658056449145079
1774179920.358,26343.5187684,15,2,sad,1,30.76175299793249,0.4499814808368683,0.012871678918600082,0.5321283340454102,0.0050184112042188644
1774179920.409,26343.569424173,16,2,sad,1,31.361512999865226,0.4733794331550598,0.01340822409838438,0.5097146034240723,0.0034976580645889044
1774179920.461,26343.619602704,17,0,neutral,1,32.928292002907256,0.5402188897132874,0.011344955302774906,0.4461401104927063,0.0022959450725466013
1774179920.510,26343.670360533,18,0,neutral,1,31.529030999081442,0.5512875318527222,0.008463399484753609,0.4387439489364624,0.0015049867797642946
1774179920.561,26343.721065546,19,2,sad,1,31.776754000020446,0.35886189341545105,0.006699986290186644,0.6285641193389893,0.005873885005712509
1774179920.612,26343.771487614,20,2,sad,1,31.817957999010105,0.24000217020511627,0.005855935160070658,0.7493859529495239,0.004755787085741758
1774179920.664,26343.82228098,21,2,sad,1,33.095124999817926,0.19185975193977356,0.009538024663925171,0.7951335906982422,0.003468463895842433
1774179920.713,26343.872164492,22,2,sad,1,32.25427299912553,0.12686221301555634,0.006886934861540794,0.8631240725517273,0.0031266259029507637
1774179920.764,26343.923076987,23,2,sad,1,33.03329199843574,0.1719556748867035,0.005605712532997131,0.8203829526901245,0.0020555146038532257
1774179920.814,26343.973490167,24,2,sad,1,32.38860599958571,0.15937693417072296,0.005306560080498457,0.8339507579803467,0.0013656477676704526
1774179920.865,26344.024517403,25,2,sad,1,32.736829001805745,0.14869743585586548,0.004242994356900454,0.8461505174636841,0.0009089412051253021
1774179920.916,26344.074909231,26,2,sad,1,32.39577299973462,0.214456245303154,0.0038586128503084183,0.7810660004615784,0.0006190428393892944
1774179920.967,26344.125790763,27,2,sad,1,32.53210600087186,0.1590903103351593,0.007755723316222429,0.8326313495635986,0.0005225488566793501
1774179921.018,26344.176631406,28,2,sad,1,33.29442199901678,0.34767279028892517,0.010945343412458897,0.6409693956375122,0.00041239993879571557
1774179921.067,26344.226872289,29,2,sad,1,31.768771998031298,0.4433732032775879,0.010689991526305676,0.5455888509750366,0.0003478472644928843
1774179921.117,26344.277690413,30,2,sad,1,31.023142000776716,0.4583170413970947,0.009976157918572426,0.5314326286315918,0.00027405167929828167
1774179921.169,26344.328870186,31,2,sad,1,31.77901299932273,0.4296823740005493,0.012783216312527657,0.5572605729103088,0.0002737336908467114
1774179921.218,26344.378825421,32,2,sad,1,31.015511998703005,0.3478270471096039,0.012674283236265182,0.6390341520309448,0.00046442897291854024
1774179921.269,26344.429695934,33,2,sad,1,31.098179002583493,0.35851147770881653,0.009070063941180706,0.6320942640304565,0.00032411329448223114
1774179921.321,26344.479904447,34,2,sad,1,32.478569002705626,0.45475345849990845,0.012317444197833538,0.5326113700866699,0.0003176161553710699
1774179921.369,26344.53011957,35,2,sad,1,31.078697997145355,0.3921511471271515,0.01046350784599781,0.5971378087997437,0.0002474194043315947
1774179921.421,26344.580286194,36,2,sad,1,32.25897700031055,0.31632402539253235,0.00900427158921957,0.6744951009750366,0.00017651909729465842
1774179921.472,26344.631687375,37,2,sad,1,32.120586998644285,0.266113817691803,0.007836297154426575,0.725877046585083,0.00017270923126488924
1774179921.521,26344.682065313,38,2,sad,1,30.9515310000279,0.1738620400428772,0.005431676749140024,0.8205888271331787,0.00011732413986464962
1774179921.573,26344.732797493,39,2,sad,1,31.92060599758406,0.1208292618393898,0.003695263061672449,0.8753954172134399,7.994957559276372e-05
1774179921.623,26344.783308228,40,2,sad,1,31.015993998153135,0.2114727795124054,0.005500547122210264,0.7829322218894958,9.431871876586229e-05
1774179921.673,26344.83411976,41,2,sad,1,31.003345000499394,0.19465352594852448,0.005799676291644573,0.7994521260261536,9.456771658733487e-05
1774179921.723,26344.88412218,42,2,sad,1,30.846475001453655,0.18276214599609375,0.006233107298612595,0.8109089732170105,9.568277891958132e-05
1774179921.775,26344.934620748,43,2,sad,1,31.708919999800855,0.13921718299388885,0.004573388025164604,0.8561373949050903,7.187160372268409e-05
1774179921.825,26344.98537478,44,2,sad,1,31.911771999148186,0.11819824576377869,0.0037778231780976057,0.877966046333313,5.772485019406304e-05
1774179921.876,26345.036120515,45,2,sad,1,31.933531998220133,0.20387041568756104,0.0046279653906822205,0.7914299964904785,7.152154284995049e-05
1774179921.926,26345.086604917,46,2,sad,1,31.3993269992352,0.1813184916973114,0.005452022887766361,0.8131438493728638,8.552716462872922e-05
1774179921.978,26345.136913615,47,2,sad,1,32.80366200124263,0.1407816857099533,0.004810010083019733,0.8543418645858765,6.629505514865741e-05
1774179922.028,26345.18710635,48,2,sad,1,32.419383998785634,0.11211581528186798,0.003675081767141819,0.8841534852981567,5.5489304941147566e-05
1774179922.079,26345.237511436,49,2,sad,1,32.920514000579715,0.12535902857780457,0.003029749495908618,0.8715528249740601,5.829520523548126e-05
1774179922.128,26345.287835004,50,2,sad,1,32.36364300028072,0.10248896479606628,0.00236485805362463,0.8950899839401245,5.6103512179106474e-05
1774179922.179,26345.33810335,51,2,sad,1,32.554883997363504,0.1919393539428711,0.004045064095407724,0.8039507865905762,6.466933700721711e-05
1774179922.228,26345.38793964,52,2,sad,1,31.80303100089077,0.17499208450317383,0.005145924165844917,0.8197922706604004,6.959810707485303e-05
1774179922.280,26345.438259652,53,2,sad,1,33.06395899926429,0.12377040833234787,0.0036919238045811653,0.8724640607833862,7.345697667915374e-05
1774179922.331,26345.488278313,54,2,sad,1,34.09381099845632,0.12087109684944153,0.0032883095555007458,0.8757710456848145,6.942571781110018e-05
1774179922.381,26345.5395024,55,2,sad,1,33.23281100165332,0.12756852805614471,0.003297246992588043,0.8690710067749023,6.314420897979289e-05
1774179922.430,26345.589583172,56,2,sad,1,32.17938300076639,0.12367154657840729,0.0041802311316132545,0.872003436088562,0.00014470634050667286
1774179922.481,26345.640236555,57,2,sad,1,32.45310600323137,0.1280239373445511,0.0037663886323571205,0.8680877685546875,0.00012186355888843536
1774179922.532,26345.691100957,58,2,sad,1,32.39045800000895,0.1046324074268341,0.0036744133103638887,0.8915241956710815,0.0001689233467914164
1774179922.582,26345.742060914,59,2,sad,1,31.84951300136163,0.14080773293972015,0.0036684549413621426,0.8553838729858398,0.0001399076427333057
1774179922.633,26345.792740372,60,2,sad,1,32.44016100143199,0.16918805241584778,0.003332610009238124,0.8273721933364868,0.00010714544623624533
1774179922.684,26345.84385144,61,2,sad,1,31.43580899995868,0.15545296669006348,0.0034200476948171854,0.8410289287567139,9.79819378699176e-05
1774179922.734,26345.895048602,62,2,sad,1,31.137437999859685,0.12339465320110321,0.0032775248400866985,0.8732285499572754,9.924133337335661e-05
1774179922.784,26345.945378022,63,2,sad,1,30.864215001201956,0.08037940412759781,0.002154359593987465,0.9173985719680786,6.754645437467843e-05
1774179922.836,26345.995635553,64,2,sad,1,32.290864997776225,0.05716247111558914,0.0018316220957785845,0.940954864025116,5.0978993385797366e-05
1774179922.885,26346.046049936,65,2,sad,1,31.180011999822455,0.042837876826524734,0.0020182649604976177,0.955098032951355,4.575262573780492e-05
1774179922.936,26346.09677806,66,2,sad,1,31.04410399828339,0.04858727753162384,0.0023251883685588837,0.9490514993667603,3.59808218490798e-05
1774179922.988,26346.147369961,67,2,sad,1,32.20895800041035,0.07845523208379745,0.002131916582584381,0.9193663597106934,4.642474959837273e-05
1774179923.037,26346.197400492,68,2,sad,1,30.961511998611968,0.20973025262355804,0.002910088747739792,0.7872973680496216,6.226429104572162e-05
1774179923.088,26346.248150486,69,2,sad,1,31.18167899810942,0.15515504777431488,0.002041495405137539,0.8427490592002869,5.43743371963501e-05
1774179923.137,26346.29799135,70,2,sad,1,30.95365999979549,0.16708140075206757,0.0022594339679926634,0.8306007981300354,5.831952512380667e-05
1774179923.188,26346.348094102,71,2,sad,1,31.626328000129433,0.19030386209487915,0.0021586590446531773,0.8074401617050171,9.730342571856454e-05
1774179923.239,26346.399237393,72,2,sad,1,31.761456997628557,0.17349807918071747,0.0024934085085988045,0.8239213228225708,8.706964581506327e-05
1774179923.289,26346.449310794,73,2,sad,1,31.417160000273725,0.15739905834197998,0.0021385562140494585,0.8403719663619995,9.03941981960088e-05
1774179923.340,26346.500076362,74,2,sad,1,31.26958599750651,0.13500608503818512,0.0020348960533738136,0.8628817796707153,7.719840505160391e-05
1774179923.390,26346.550621652,75,2,sad,1,31.43330899911234,0.18168824911117554,0.0031398844439536333,0.8150416612625122,0.00013012433191761374
1774179923.441,26346.601352795,76,2,sad,1,31.447900997591205,0.15307538211345673,0.002836685162037611,0.8439722061157227,0.00011566031025722623
1774179923.492,26346.651725325,77,2,sad,1,32.203384002059465,0.2097983956336975,0.0025505810044705868,0.7875332832336426,0.00011765821545850486
1774179923.542,26346.702680672,78,2,sad,1,30.880084999807877,0.1704311966896057,0.0030501121655106544,0.8264034986495972,0.000115081129479222
1774179923.592,26346.753021517,79,2,sad,1,31.090067997865845,0.23466205596923828,0.003926876001060009,0.7613152861595154,9.568242239765823e-05
1774179923.643,26346.804313197,80,2,sad,1,30.845733999740332,0.1899491250514984,0.00349959684535861,0.8064566254615784,9.458203567191958e-05
1774179923.695,26346.854445783,81,2,sad,1,32.14916100114351,0.18985331058502197,0.003406489035114646,0.8065435886383057,0.00019653518393170089
1774179923.747,26346.905779148,82,2,sad,1,32.68181000021286,0.22907902300357819,0.003833696711808443,0.766788125038147,0.0002990715438500047
1774179923.797,26346.956483124,83,2,sad,1,32.69212400118704,0.19336462020874023,0.002845055889338255,0.803584098815918,0.00020617409609258175
1774179923.848,26347.007047562,84,2,sad,1,32.42142099770717,0.1498010903596878,0.0025556522887200117,0.8474881649017334,0.00015503258327953517
1774179923.899,26347.057760149,85,2,sad,1,33.071124998969026,0.12175329029560089,0.0022874227724969387,0.8758416771888733,0.00011751722195185721
1774179923.949,26347.108187717,86,2,sad,1,32.45997599879047,0.12477408349514008,0.002771170809864998,0.872333288192749,0.00012135757424402982
1774179924.000,26347.159096933,87,2,sad,1,32.87081000235048,0.12930776178836823,0.002457665977999568,0.8681360483169556,9.844667511060834e-05
1774179924.049,26347.209379075,88,2,sad,1,31.674937999923714,0.17335134744644165,0.0033927373588085175,0.8231585025787354,9.734518243931234e-05
1774179924.100,26347.259872198,89,2,sad,1,31.96193899930222,0.15162958204746246,0.0031730211339890957,0.845108151435852,8.921967673813924e-05
1774179924.151,26347.311222545,90,2,sad,1,31.123196000407916,0.12655377388000488,0.002250679535791278,0.8711155652999878,7.997661305125803e-05
1774179924.201,26347.361773872,91,2,sad,1,31.408549002662767,0.1354401707649231,0.0030734643805772066,0.861362636089325,0.0001237373217009008
1774179924.251,26347.411759587,92,2,sad,1,31.018159999803174,0.15869039297103882,0.0026449314318597317,0.8384780287742615,0.00018665348761714995
1774179924.301,26347.462390525,93,2,sad,1,30.729177997272927,0.15456679463386536,0.005057554692029953,0.8402259349822998,0.00014972605276852846
1774179924.352,26347.512513796,94,2,sad,1,30.943752000894165,0.1894935518503189,0.007434208877384663,0.8028401136398315,0.00023205901379697025
1774179924.405,26347.562614271,95,2,sad,1,34.143755001423415,0.23028045892715454,0.005384948570281267,0.7641162872314453,0.00021821746486239135
1774179924.462,26347.614360747,96,2,sad,1,39.56005700092646,0.18000368773937225,0.004579494241625071,0.8152182698249817,0.00019844085909426212
1774179924.512,26347.668398707,97,2,sad,1,34.92866400119965,0.1300382763147354,0.0045681302435696125,0.8652083873748779,0.00018505202024243772
